{"cameraMode":{"drawMode":0,"name":"Shaded","section":"Shading Mode"},"sceneLighting":false,"audioPlay":false,"sceneViewState":{"m_AlwaysRefresh":false,"showFog":true,"showSkybox":false,"showFlares":true,"showImageEffects":true,"showParticleSystems":true,"showVisualEffectGraphs":true,"m_FxEnabled":true},"in2DMode":false,"pivot":{"x":-4.495609283447266,"y":2.5799999237060549,"z":-0.49000072479248049},"rotation":{"x":0.03850262984633446,"y":-0.8101326823234558,"z":0.053546518087387088,"w":0.5825273990631104},"size":5.136412143707275,"orthographic":false}