{"cameraMode":{"drawMode":0,"name":"Shaded","section":"Shading Mode"},"sceneLighting":true,"audioPlay":false,"sceneViewState":{"m_AlwaysRefresh":false,"showFog":true,"showSkybox":true,"showFlares":true,"showImageEffects":true,"showParticleSystems":true,"showVisualEffectGraphs":true,"m_FxEnabled":true},"in2DMode":false,"pivot":{"x":-7.4711151123046879,"y":1.4519237279891968,"z":-2.8249027729034426},"rotation":{"x":0.03850262984633446,"y":-0.8101326823234558,"z":0.053546518087387088,"w":0.5825273990631104},"size":3.2827045917510988,"orthographic":false}