{"cameraMode":{"drawMode":0,"name":"Shaded","section":"Shading Mode"},"sceneLighting":false,"audioPlay":false,"sceneViewState":{"m_AlwaysRefresh":false,"showFog":true,"showSkybox":false,"showFlares":true,"showImageEffects":true,"showParticleSystems":true,"showVisualEffectGraphs":true,"m_FxEnabled":true},"in2DMode":false,"pivot":{"x":-3.694398880004883,"y":0.4809865951538086,"z":0.09340023994445801},"rotation":{"x":0.15268543362617494,"y":-0.7581897377967835,"z":0.19158020615577699,"w":0.6042643785476685},"size":3.8536064624786379,"orthographic":false}